                  epoch,         train/box_loss,         train/cls_loss,         train/dfl_loss,   metrics/precision(B),      metrics/recall(B),       metrics/mAP50(B),    metrics/mAP50-95(B),           val/box_loss,           val/cls_loss,           val/dfl_loss,                 lr/pg0,                 lr/pg1,                 lr/pg2
                      1,                 1.3319,                 1.0408,                   1.05,                0.46067,                0.26937,                0.27454,                0.13963,                 1.4036,                 1.0257,                 1.0871,             0.00023746,             0.00023746,             0.00023746
                      2,                 1.3578,                0.91886,                 1.0703,                0.39854,                0.31076,                0.30903,                0.16338,                  1.374,                0.90616,                 1.0744,             0.00038132,             0.00038132,             0.00038132
                      3,                 1.3477,                0.88724,                 1.0643,                0.52703,                 0.3126,                0.33573,                0.17574,                 1.3467,                0.86828,                 1.0622,             0.00043093,             0.00043093,             0.00043093
                      4,                 1.2928,                0.81965,                 1.0411,                0.46303,                0.38286,                0.38556,                 0.2069,                 1.3232,                 0.7998,                 1.0473,             0.00028988,             0.00028988,             0.00028988
                      5,                 1.2793,                 0.7932,                 1.0286,                  0.562,                0.34697,                 0.4037,                0.21247,                 1.3043,                0.77813,                 1.0354,             0.00028988,             0.00028988,             0.00028988
